at,id,content
2023-10-24 14:02:21+00:00,1716817407090769959,ミクaiイラスト心音動画作品
2023-10-24 13:57:11+00:00,1716816108584640899,私capcutとinshot
2023-10-24 13:53:01+00:00,1716815056737124557,リムル羨ましい
2023-10-24 13:47:09+00:00,1716813581042462751,rt:スマホ1台で動画編集
2023-10-24 13:47:09+00:00,1716813581042462751,tiktokやinstagramなどで投稿されるような動画をお使いのスマホで作成できるように
2023-10-24 13:47:09+00:00,1716813581042462751,動画編集の基礎から、2時間でハイクオリティな動画を作成しましょう
2023-10-24 13:29:13+00:00,1716809071167483929,capcutずっと使ってきてるけどそろそろ他の編集ソフト使いたい
2023-10-24 13:27:15+00:00,1716808572406022464,capcut極めればいけるwww
2023-10-24 13:24:43+00:00,1716807935530357126,使ってみるか
2023-10-24 13:24:43+00:00,1716807935530357126,ニチャ
2023-10-16 04:14:49+00:00,1713770446959878612,capcutバグって鬱
2023-10-16 04:01:48+00:00,1713767172663849178,capcut便利やねえ
2023-10-16 04:01:04+00:00,1713766984477991156,aftereffectsアフターエフェクトでパーティクルシステムの使い方を解説しました
2023-10-16 04:01:03+00:00,1713766983232348213,熊本県絶景阿蘇ドローン撮影
2023-10-16 04:01:03+00:00,1713766981852344382,今回は、複合クリップの超便利な使い方について解説します
2023-10-16 03:23:38+00:00,1713757567078596705,rt:さん
2023-10-16 03:23:38+00:00,1713757567078596705,2023/10/9広島市安佐北区マックスバリュ高陽前
2023-10-16 03:23:38+00:00,1713757567078596705,街頭演説その6
2023-10-16 03:22:15+00:00,1713757219412742459,rt:さん
2023-10-16 03:22:15+00:00,1713757219412742459,2023/10/9広島市安佐北区マックスバリュ高陽前
2023-10-16 03:22:15+00:00,1713757219412742459,街頭演説その7
2023-10-16 03:16:37+00:00,1713755800664240359,rt:さん
2023-10-16 03:16:37+00:00,1713755800664240359,2023/10/9広島市安佐北区マックスバリュ高陽前
2023-10-16 03:16:37+00:00,1713755800664240359,街頭演説その7
2023-10-16 03:12:06+00:00,1713754663546425548,rt:昨日から今朝までまたタイムラプス撮ったけどちょっと微妙でした昨日のやつに繋げて編集してみました
2023-10-16 03:03:45+00:00,1713752560803402041,編集のポイント
2023-10-16 03:03:45+00:00,1713752560803402041,・フィルターを使って素材の色味を整えた
2023-10-16 03:03:45+00:00,1713752560803402041,・素材の音声と背景曲の音量バランスを調整
2023-10-16 03:03:45+00:00,1713752560803402041,・背景曲をビート検出し音ハメ
2023-10-16 03:03:45+00:00,1713752560803402041,・capcutproの素材切替アニメーションを使用
2023-10-16 03:03:45+00:00,1713752560803402041,・手ぶれ補正機能を使用
2023-10-16 02:38:59+00:00,1713746327920926899,何個かアプリ消したりしたんですけどあんま変わった感じしないですね
2023-10-16 02:38:59+00:00,1713746327920926899,capcut自体に問題があるのかも
2023-10-16 02:33:46+00:00,1713745016265515179,さん
2023-10-16 02:33:46+00:00,1713745016265515179,2023/10/9広島市安佐北区マックスバリュ高陽前
2023-10-16 02:33:46+00:00,1713745016265515179,街頭演説その7
2023-10-16 01:21:12+00:00,1713726753821368521,動画作ろうとしたらcapcutエフェクト有料になってるのある
2023-10-16 01:19:02+00:00,1713726210348638237,rt:食べちゃうのもったいないくらいかわいいモグモグアイスフロートですが、心を鬼にして食べてみました
2023-10-16 01:07:40+00:00,1713723349732671525,rt:さん
2023-10-16 01:07:40+00:00,1713723349732671525,2023/10/9広島市安佐北区マックスバリュ高陽前
2023-10-16 01:07:40+00:00,1713723349732671525,街頭演説その6
2023-10-16 00:54:39+00:00,1713720071196172512,rt:さん
2023-10-16 00:54:39+00:00,1713720071196172512,2023/10/9広島市安佐北区マックスバリュ高陽前
2023-10-16 00:54:39+00:00,1713720071196172512,街頭演説その6
2023-11-23 00:42:02+00:00,1727487638180122942,おはでございます昨夜にミツボシのおどみたあげてそのまま寝ましたデレステの推しは福山舞ちゃんです、声をつけてください
2023-11-23 00:42:02+00:00,1727487638180122942,tiktok→youtubeショート→ミツボシ☆☆★踊ってみた☆☆★
2023-11-23 00:39:56+00:00,1727487108011724852,rt:おやすみなさい
2023-11-23 00:39:56+00:00,1727487108011724852,少し遅くなりました
2023-11-23 00:39:56+00:00,1727487108011724852,また明日よろしく
2023-11-23 00:33:12+00:00,1727485414360130009,rt:ダラダラ犬の末路
2023-11-23 00:30:28+00:00,1727484726112551322,capcutで動画作ったら何故かバグるのなんなん
2023-11-23 00:24:07+00:00,1727483129731146123,おはようございます今日も身体に気を付けて無理なくファイトいつも、イイね・コメントをありがとうにゃ~ん名前は、ベルモット・ママlvy_jp
2023-11-23 00:21:57+00:00,1727482584287044041,rt:4動画を繋げて完成
2023-11-23 00:21:57+00:00,1727482584287044041,最後に3で出力した動画をcapcutで繋げて、
2023-11-23 00:21:57+00:00,1727482584287044041,artilistでdlしてきた音楽を載せれば完成です
2023-11-23 00:21:57+00:00,1727482584287044041,artilistのurlはこちら
2023-11-23 00:17:58+00:00,1727481581793587441,今日のモンスト
2023-11-23 00:17:58+00:00,1727481581793587441,10連ガチャw
2023-11-23 00:17:58+00:00,1727481581793587441,と単発でスーパーレア
2023-11-23 00:17:58+00:00,1727481581793587441,今日も1日ハッピーに
2023-11-23 00:17:58+00:00,1727481581793587441,桑田社長ww多い説←失礼よ笑
2023-11-23 00:12:56+00:00,1727480311972515903,rt:gen-2動画
2023-11-23 00:12:56+00:00,1727480311972515903,motionbrushなどを駆使して、30秒ほどの映画pvを作ってみました
2023-11-23 00:12:56+00:00,1727480311972515903,30分程度の作成時間なんですが、この出来栄えです
2023-11-23 00:12:56+00:00,1727480311972515903,chatgpt→シナリオ作成+プロンプト作成
2023-11-23 00:12:56+00:00,1727480311972515903,midjourney→画像生成
2023-11-23 00:12:56+00:00,1727480311972515903,gen-2→動画作成
2023-11-23 00:08:49+00:00,1727479277355257905,rt:もし宜しければお試し下さい┏○ペコッ
2023-11-23 00:08:49+00:00,1727479277355257905,歌詞動画を作ってみました
2023-11-23 00:08:49+00:00,1727479277355257905,capcutリンクをタップして試してください
2023-11-23 00:08:25+00:00,1727479178357031129,お二方にご紹介していただいた
2023-11-23 00:08:25+00:00,1727479178357031129,capcutというアプリ
2023-11-23 00:08:25+00:00,1727479178357031129,今から使います〜
2023-11-23 00:08:02+00:00,1727479081657385068,capcutっていうアプリです
2023-11-23 00:08:02+00:00,1727479081657385068,でもこれはテンプレートっていう、どなたかが作ってくださったものに画像や動画をはめているだけなので、もしかしたらtiktokアプリだけでできるかもしれないです
2023-11-23 00:03:36+00:00,1727477962986151944,rt:gen-2動画
2023-11-23 00:03:36+00:00,1727477962986151944,motionbrushなどを駆使して、30秒ほどの映画pvを作ってみました
2023-11-23 00:03:36+00:00,1727477962986151944,30分程度の作成時間なんですが、この出来栄えです
2023-11-23 00:03:36+00:00,1727477962986151944,chatgpt→シナリオ作成+プロンプト作成
2023-11-23 00:03:36+00:00,1727477962986151944,midjourney→画像生成
2023-11-23 00:03:36+00:00,1727477962986151944,gen-2→動画作成
2023-11-22 23:58:40+00:00,1727476722436894993,もし宜しければお試し下さい┏○ペコッ
2023-11-22 23:58:40+00:00,1727476722436894993,歌詞動画を作ってみました
2023-11-22 23:58:40+00:00,1727476722436894993,capcutリンクをタップして試してください
2023-11-22 23:56:43+00:00,1727476231241961967,rt:gen-2動画
2023-11-22 23:56:43+00:00,1727476231241961967,motionbrushなどを駆使して、30秒ほどの映画pvを作ってみました
2023-11-22 23:56:43+00:00,1727476231241961967,30分程度の作成時間なんですが、この出来栄えです
2023-11-22 23:56:43+00:00,1727476231241961967,chatgpt→シナリオ作成+プロンプト作成
2023-11-22 23:56:43+00:00,1727476231241961967,midjourney→画像生成
2023-11-22 23:56:43+00:00,1727476231241961967,gen-2→動画作成
2023-11-22 23:56:13+00:00,1727476108487242115,無限大ホールのショート動画にcapcutの文字出た瞬間、
2023-11-22 23:56:13+00:00,1727476108487242115,劇場の公式動画をcapcutで編集すなよ
2023-11-22 23:56:13+00:00,1727476108487242115,てデカめの声でつっこんじゃった
2023-11-22 23:56:13+00:00,1727476108487242115,おもしろ変
2023-11-22 23:53:01+00:00,1727475299775090972,rt:capcutはプライべートで何回か使ったことありますねー
2023-11-22 23:53:01+00:00,1727475299775090972,モザイク編集はlineのkeepメモとかってルームができてたので、そこに画像をあげてモザイク編集してますねー、
2023-11-22 23:52:10+00:00,1727475087979556961,rt:gen-2動画
2023-11-22 23:52:10+00:00,1727475087979556961,motionbrushなどを駆使して、30秒ほどの映画pvを作ってみました
2023-11-22 23:52:10+00:00,1727475087979556961,30分程度の作成時間なんですが、この出来栄えです
2023-11-22 23:52:10+00:00,1727475087979556961,chatgpt→シナリオ作成+プロンプト作成
2023-11-22 23:52:10+00:00,1727475087979556961,midjourney→画像生成
2023-11-22 23:52:10+00:00,1727475087979556961,gen-2→動画作成
2023-11-22 23:43:00+00:00,1727472781548511627,rt:鶏と蛇と豚
2023-11-22 23:40:58+00:00,1727472267335209022,rt:qさま
2023-11-22 23:40:58+00:00,1727472267335209022,面白かった頃の
2023-11-22 23:40:58+00:00,1727472267335209022,プレッシャースタディの
2023-11-22 23:40:58+00:00,1727472267335209022,あのタイマーを再現してみた
2023-11-22 23:40:58+00:00,1727472267335209022,ただしこれがcapcutの限界です
2023-11-22 23:40:58+00:00,1727472267335209022,低クオは許してね
2023-11-22 23:40:52+00:00,1727472241913241880,rt:capcutでキル集のつなぎ目のオススメ教えてください
2023-11-22 23:40:38+00:00,1727472187035283525,rt:おはようございます
2023-11-22 23:40:38+00:00,1727472187035283525,本日は勤労感謝の日
2023-11-22 23:40:38+00:00,1727472187035283525,お仕事推し事
2023-11-22 23:40:38+00:00,1727472187035283525,お疲れ様です
2023-11-22 23:40:38+00:00,1727472187035283525,コーヒーでも飲みながら
2023-11-22 23:40:38+00:00,1727472187035283525,一息ついてリラックス
2023-11-22 23:40:38+00:00,1727472187035283525,今日も楽しくすごしましょう
2023-11-22 23:40:38+00:00,1727472187035283525,これからお出かけなどされるみな様は気をつけて
2023-11-22 23:40:38+00:00,1727472187035283525,行って下さいね
2023-11-22 23:40:24+00:00,1727472124884046097,rt:フォロワー
2023-11-22 23:40:24+00:00,1727472124884046097,capcutで編集してます
2023-11-22 23:39:01+00:00,1727471780036833712,rt:qさま
2023-11-22 23:39:01+00:00,1727471780036833712,面白かった頃の
2023-11-22 23:39:01+00:00,1727471780036833712,プレッシャースタディの
2023-11-22 23:39:01+00:00,1727471780036833712,あのタイマーを再現してみた
2023-11-22 23:39:01+00:00,1727471780036833712,ただしこれがcapcutの限界です
2023-11-22 23:39:01+00:00,1727471780036833712,低クオは許してね
2023-11-22 23:36:01+00:00,1727471024638464351,おはよう
2023-11-22 23:35:49+00:00,1727470974994612647,おはよう
2023-11-22 23:33:35+00:00,1727470409594065217,rt:gen-2動画
2023-11-22 23:33:35+00:00,1727470409594065217,motionbrushなどを駆使して、30秒ほどの映画pvを作ってみました
2023-11-22 23:33:35+00:00,1727470409594065217,30分程度の作成時間なんですが、この出来栄えです
2023-11-22 23:33:35+00:00,1727470409594065217,chatgpt→シナリオ作成+プロンプト作成
2023-11-22 23:33:35+00:00,1727470409594065217,midjourney→画像生成
2023-11-22 23:33:35+00:00,1727470409594065217,gen-2→動画作成
2023-11-22 23:31:00+00:00,1727469761544503614,人マニア
2023-11-22 23:31:00+00:00,1727469761544503614,かっこいい
2023-11-22 23:26:40+00:00,1727468669729640674,冷戰
2023-11-22 23:26:02+00:00,1727468511079874809,rt:gen-2動画
2023-11-22 23:26:02+00:00,1727468511079874809,motionbrushなどを駆使して、30秒ほどの映画pvを作ってみました
2023-11-22 23:26:02+00:00,1727468511079874809,30分程度の作成時間なんですが、この出来栄えです
2023-11-22 23:26:02+00:00,1727468511079874809,chatgpt→シナリオ作成+プロンプト作成
2023-11-22 23:26:02+00:00,1727468511079874809,midjourney→画像生成
2023-11-22 23:26:02+00:00,1727468511079874809,gen-2→動画作成
2023-11-22 23:24:49+00:00,1727468205227319727,rt:おはようございます
2023-11-22 23:24:49+00:00,1727468205227319727,本日は勤労感謝の日
2023-11-22 23:24:49+00:00,1727468205227319727,お仕事推し事
2023-11-22 23:24:49+00:00,1727468205227319727,お疲れ様です
2023-11-22 23:24:49+00:00,1727468205227319727,コーヒーでも飲みながら
2023-11-22 23:24:49+00:00,1727468205227319727,一息ついてリラックス
2023-11-22 23:24:49+00:00,1727468205227319727,今日も楽しくすごしましょう
2023-11-22 23:24:49+00:00,1727468205227319727,これからお出かけなどされるみな様は気をつけて
2023-11-22 23:24:49+00:00,1727468205227319727,行って下さいね
2023-11-22 23:15:27+00:00,1727465846359101442,rt:鶏と蛇と豚
2023-11-22 23:03:23+00:00,1727462809917870224,rt:鶏と蛇と豚
2023-11-22 23:01:39+00:00,1727462375652253943,昨日上げた夜の帳を塗ってくよの動画に使用していたbgmが著作権フリーじゃなさそうなので急遽削除しました
2023-11-22 23:01:39+00:00,1727462375652253943,capcut、使い勝手良かったんだけどアプリ内のbgmの著作権が不明瞭なところや利用規約もヤバげだったのでアンストしたほうが良さげかなー
2023-11-22 23:01:39+00:00,1727462375652253943,使い勝手良いだけにかなり惜しい
2023-11-22 23:01:23+00:00,1727462308002365686,rt:short動画投稿しました
2023-11-22 23:01:23+00:00,1727462308002365686,ネタギレだったので動画編集アプリのcapcutで遊んでた
2023-11-22 23:01:23+00:00,1727462308002365686,楽しかったあぁ
2023-11-22 23:00:36+00:00,1727462110836445428,歌声にうるっときちゃうよね
2023-11-22 23:00:36+00:00,1727462110836445428,ライブ情報は
2023-11-22 23:00:25+00:00,1727462065160478849,ダラダラ犬の末路
2023-11-22 22:53:52+00:00,1727460414605398286,rt:おはようございます
2023-11-22 22:53:52+00:00,1727460414605398286,本日は勤労感謝の日
2023-11-22 22:53:52+00:00,1727460414605398286,お仕事推し事
2023-11-22 22:53:52+00:00,1727460414605398286,お疲れ様です
2023-11-22 22:53:52+00:00,1727460414605398286,コーヒーでも飲みながら
2023-11-22 22:53:52+00:00,1727460414605398286,一息ついてリラックス
2023-11-22 22:53:52+00:00,1727460414605398286,今日も楽しくすごしましょう
2023-11-22 22:53:52+00:00,1727460414605398286,これからお出かけなどされるみな様は気をつけて
2023-11-22 22:53:52+00:00,1727460414605398286,行って下さいね
2023-11-22 22:52:58+00:00,1727460188498935934,rt:おはようございます
2023-11-22 22:52:58+00:00,1727460188498935934,本日は勤労感謝の日
2023-11-22 22:52:58+00:00,1727460188498935934,お仕事推し事
2023-11-22 22:52:58+00:00,1727460188498935934,お疲れ様です
2023-11-22 22:52:58+00:00,1727460188498935934,コーヒーでも飲みながら
2023-11-22 22:52:58+00:00,1727460188498935934,一息ついてリラックス
2023-11-22 22:52:58+00:00,1727460188498935934,今日も楽しくすごしましょう
2023-11-22 22:52:58+00:00,1727460188498935934,これからお出かけなどされるみな様は気をつけて
2023-11-22 22:52:58+00:00,1727460188498935934,行って下さいね
2023-11-22 22:51:21+00:00,1727459784277000258,rt:short動画投稿しました
2023-11-22 22:51:21+00:00,1727459784277000258,ネタギレだったので動画編集アプリのcapcutで遊んでた
2023-11-22 22:51:21+00:00,1727459784277000258,楽しかったあぁ
2023-12-22 03:59:30+00:00,1738046578680615229,っᴖ◡ᴖっ
2023-12-22 03:57:57+00:00,1738046189688537429,っᴖ◡ᴖっ
2023-12-22 03:56:38+00:00,1738045857852006761,っᴖ◡ᴖっ
2023-12-22 03:56:13+00:00,1738045754042908942,っᴖ◡ᴖっ
2023-12-22 03:55:27+00:00,1738045559829856316,っᴖ◡ᴖっ
2023-12-22 03:50:33+00:00,1738044328252256631,っᴖ◡ᴖっ
2023-12-22 03:48:39+00:00,1738043849229074870,っᴖ◡ᴖっ
2023-12-22 03:47:24+00:00,1738043535491014881,っᴖ◡ᴖっ
2023-12-22 03:47:06+00:00,1738043459586625764,capcutでやってますん
2023-12-22 03:46:10+00:00,1738043222633689565,っᴖ◡ᴖっ
2023-12-22 03:42:20+00:00,1738042257222316124,っᴖ◡ᴖっ
2023-12-22 03:40:26+00:00,1738041780686512526,っᴖ◡ᴖっ
2023-12-22 03:38:34+00:00,1738041311524200559,っᴖ◡ᴖっ
2023-12-22 03:38:26+00:00,1738041278561181709,っᴖ◡ᴖっ
2023-12-22 03:38:03+00:00,1738041183040053501,っᴖ◡ᴖっ
2023-12-22 03:37:49+00:00,1738041121912299624,っᴖ◡ᴖっ
2023-12-22 03:37:37+00:00,1738041072838955090,っᴖ◡ᴖっ
2023-12-22 03:37:00+00:00,1738040917817487777,っᴖ◡ᴖっ
2023-12-22 03:35:42+00:00,1738040589688647822,っᴖ◡ᴖっ
2023-12-22 03:35:26+00:00,1738040523515216149,っᴖ◡ᴖっ
2023-12-22 03:34:52+00:00,1738040382024515858,クリスマス気分に
2023-12-22 03:34:37+00:00,1738040317440676030,っᴖ◡ᴖっ
2023-12-22 03:32:47+00:00,1738039856700522551,っᴖ◡ᴖっ
2023-12-22 03:32:47+00:00,1738039854611726355,っᴖ◡ᴖっ
2023-12-22 03:32:22+00:00,1738039749913501801,生でだらだら配信文字を書き順通りにアニメーションしたい
2023-12-22 03:32:22+00:00,1738039749913501801,筆文字編
2023-12-22 03:31:02+00:00,1738039415015157815,capcutクリエイターやっとのことでなれました
2023-12-22 03:30:46+00:00,1738039349911122332,っᴖ◡ᴖっ
2023-12-22 03:30:43+00:00,1738039337105985614,っᴖ◡ᴖっ
2023-12-22 03:29:31+00:00,1738039035560620502,っᴖ◡ᴖっ
2023-12-22 03:29:31+00:00,1738039032125469017,っᴖ◡ᴖっ
2023-12-22 03:28:32+00:00,1738038784292446558,rt:愛するようにデュエット編集してみました
2023-12-22 03:28:32+00:00,1738038784292446558,良ければ見てみてください
2023-12-22 03:28:32+00:00,1738038784292446558,可不本家様
2023-12-22 03:28:32+00:00,1738038784292446558,kotoha様
2023-12-22 03:28:32+00:00,1738038784292446558,作詞、作曲:mimi様
2023-12-22 03:27:44+00:00,1738038585893454038,っᴖ◡ᴖっ
2023-12-22 03:27:03+00:00,1738038414501679241,っᴖ◡ᴖっ
2023-12-22 03:26:17+00:00,1738038221106532600,っᴖ◡ᴖっ
2023-12-22 03:26:05+00:00,1738038167817912763,っᴖ◡ᴖっ
2023-12-22 03:25:58+00:00,1738038140026372536,っᴖ◡ᴖっ
2023-12-22 03:25:50+00:00,1738038108409790897,っᴖ◡ᴖっ
2023-12-22 03:24:53+00:00,1738037868638196228,っᴖ◡ᴖっ
2023-12-22 03:24:08+00:00,1738037677541540190,っᴖ◡ᴖっ
2023-12-22 03:23:39+00:00,1738037559346053124,っᴖ◡ᴖっ
2023-12-22 03:23:36+00:00,1738037546289181047,っᴖ◡ᴖっ
2023-12-22 03:22:25+00:00,1738037246476071170,っᴖ◡ᴖっ
2023-12-22 03:21:41+00:00,1738037063080189983,っᴖ◡ᴖっ
2023-12-22 03:21:08+00:00,1738036925657944199,っᴖ◡ᴖっ
2023-12-22 03:21:06+00:00,1738036914060689449,っᴖ◡ᴖっ
2023-12-22 03:19:53+00:00,1738036611475288155,っᴖ◡ᴖっ
2023-12-22 03:18:40+00:00,1738036302690521495,っᴖ◡ᴖっ
2023-12-22 03:18:29+00:00,1738036256708378990,っᴖ◡ᴖっ
2023-12-22 03:16:22+00:00,1738035723503358320,今年も楽しくクリスマス交換出来たね
2023-12-22 03:16:22+00:00,1738035723503358320,大ちゃんの枝豆ツリー我が家に欲しいわ
2023-12-22 03:16:22+00:00,1738035723503358320,去年のカズザウルスもも一度見たかったわ思い起こせば、やっぱり和也は特別扱いだったのかなー
2023-12-22 03:16:22+00:00,1738035723503358320,丈くん
2023-12-22 03:16:11+00:00,1738035678540357916,っᴖ◡ᴖっ
2023-12-22 03:16:10+00:00,1738035675067449646,っᴖ◡ᴖっ
2023-12-22 03:15:58+00:00,1738035623049695599,っᴖ◡ᴖっ
2023-12-22 03:15:55+00:00,1738035609351135567,っᴖ◡ᴖっ
2023-12-22 03:15:52+00:00,1738035596785078347,っᴖ◡ᴖっ
2023-12-22 03:15:07+00:00,1738035409068929360,っᴖ◡ᴖっ
2023-12-22 03:14:32+00:00,1738035264076013724,っᴖ◡ᴖっ
2023-12-22 03:14:10+00:00,1738035172354966007,っᴖ◡ᴖっ
2023-12-22 03:12:32+00:00,1738034759715127776,っᴖ◡ᴖっ
2023-12-22 03:12:03+00:00,1738034638260769153,っᴖ◡ᴖっ
2023-12-22 03:11:50+00:00,1738034582195458530,っᴖ◡ᴖっ
2023-12-22 03:11:18+00:00,1738034448200065068,っᴖ◡ᴖっ
2023-12-22 03:11:09+00:00,1738034409679515836,っᴖ◡ᴖっ
2023-12-22 03:11:04+00:00,1738034391241441482,っᴖ◡ᴖっ
2023-12-22 03:10:28+00:00,1738034237562106257,っᴖ◡ᴖっ
2023-12-22 03:07:52+00:00,1738033583271592203,っᴖ◡ᴖっ
2023-12-22 03:06:56+00:00,1738033348386385988,っᴖ◡ᴖっ
2023-12-22 03:06:35+00:00,1738033264101855401,っᴖ◡ᴖっ
2023-12-22 03:06:08+00:00,1738033150624923893,っᴖ◡ᴖっ
2023-12-22 03:04:41+00:00,1738032784466481359,っᴖ◡ᴖっ
2023-12-22 03:04:29+00:00,1738032734017348061,っᴖ◡ᴖっ
2023-12-22 03:03:48+00:00,1738032560964538806,っᴖ◡ᴖっ
2023-12-22 03:03:31+00:00,1738032492685484206,っᴖ◡ᴖっ
2023-12-22 03:02:46+00:00,1738032303207854474,っᴖ◡ᴖっ
2023-12-22 03:02:33+00:00,1738032246219735406,っᴖ◡ᴖっ
2023-12-22 03:00:43+00:00,1738031784670199840,っᴖ◡ᴖっ
2023-12-22 03:00:40+00:00,1738031775157571658,っᴖ◡ᴖっ
2023-12-22 03:00:37+00:00,1738031760288711156,っᴖ◡ᴖっ
2023-12-22 03:00:17+00:00,1738031677543457139,っᴖ◡ᴖっ
2023-12-22 02:59:26+00:00,1738031461905875356,っᴖ◡ᴖっ
2023-12-22 02:59:05+00:00,1738031376191115692,っᴖ◡ᴖっ
2023-12-22 02:57:54+00:00,1738031075669229613,25–saltソ
2023-12-22 02:56:42+00:00,1738030776485343248,普通にcapcutでカットアウトできるんじゃないん
2023-12-22 02:56:22+00:00,1738030692435739096,っᴖ◡ᴖっ
2023-12-22 02:56:20+00:00,1738030683099168972,っᴖ◡ᴖっ
2023-12-22 02:55:15+00:00,1738030411534778709,っᴖ◡ᴖっ
2023-12-22 02:54:59+00:00,1738030343813472689,っᴖ◡ᴖっ
2023-12-22 02:54:37+00:00,1738030251840778487,っᴖ◡ᴖっ
2023-12-22 02:54:08+00:00,1738030127626489875,っᴖ◡ᴖっ
2023-12-22 02:53:05+00:00,1738029864362643476,っᴖ◡ᴖっ
2023-12-22 02:52:14+00:00,1738029650125918352,っᴖ◡ᴖっ
2023-12-22 02:52:04+00:00,1738029609034362928,っᴖ◡ᴖっ
2023-12-22 02:52:02+00:00,1738029601371357534,っᴖ◡ᴖっ
2023-12-22 02:52:00+00:00,1738029591565119792,っᴖ◡ᴖっ
2023-12-22 02:49:54+00:00,1738029064341045612,っᴖ◡ᴖっ
2023-12-22 02:49:39+00:00,1738028999069306929,っᴖ◡ᴖっ
2023-12-22 02:49:36+00:00,1738028989619589177,っᴖ◡ᴖっ
2023-12-22 02:47:42+00:00,1738028509904441398,っᴖ◡ᴖっ
2023-12-22 02:47:30+00:00,1738028458847191232,っᴖ◡ᴖっ
2023-12-22 02:47:27+00:00,1738028448143360342,っᴖ◡ᴖっ
2023-12-22 02:47:24+00:00,1738028434708992351,っᴖ◡ᴖっ
2023-12-22 02:47:12+00:00,1738028382699581794,っᴖ◡ᴖっ
2023-12-22 02:46:45+00:00,1738028271479214562,っᴖ◡ᴖっ
2023-12-22 02:46:38+00:00,1738028239925420133,っᴖ◡ᴖっ
2023-12-22 02:46:07+00:00,1738028111156134218,っᴖ◡ᴖっ
2023-12-22 02:46:05+00:00,1738028104931827979,っᴖ◡ᴖっ
2023-12-22 02:45:04+00:00,1738027845501477179,っᴖ◡ᴖっ
2023-12-22 02:44:45+00:00,1738027769328787669,っᴖ◡ᴖっ
2023-12-22 02:44:25+00:00,1738027683110588464,っᴖ◡ᴖっ
2023-12-22 02:44:14+00:00,1738027635970883664,っᴖ◡ᴖっ
2023-12-22 02:36:27+00:00,1738025678090785050,安い
2023-12-22 02:36:27+00:00,1738025678090785050,俺はcapcut使ってるんけどこっちの方が使いやすかったりする
2023-12-22 02:32:25+00:00,1738024665652867457,っᴖ◡ᴖっ
2023-12-22 02:32:12+00:00,1738024610552287543,rt:今朝の山古志
2023-12-22 02:32:12+00:00,1738024610552287543,道路脇の雪は50センチ
2023-12-22 02:32:12+00:00,1738024610552287543,くらいでしょうか
2023-12-22 02:32:12+00:00,1738024610552287543,明日から古志高原スキー場がオープンしますよ~
2023-12-22 02:23:13+00:00,1738022348568289765,rt:今朝の山古志
2023-12-22 02:23:13+00:00,1738022348568289765,道路脇の雪は50センチ
2023-12-22 02:23:13+00:00,1738022348568289765,くらいでしょうか
2023-12-22 02:23:13+00:00,1738022348568289765,明日から古志高原スキー場がオープンしますよ~
2023-12-22 02:22:54+00:00,1738022269111390545,rt:今朝の山古志
2023-12-22 02:22:54+00:00,1738022269111390545,道路脇の雪は50センチ
2023-12-22 02:22:54+00:00,1738022269111390545,くらいでしょうか
2023-12-22 02:22:54+00:00,1738022269111390545,明日から古志高原スキー場がオープンしますよ~
2023-12-22 02:21:46+00:00,1738021982229426346,capcutのお勉強より受験५
2023-12-22 02:17:43+00:00,1738020964204748806,rt:今朝の山古志
2023-12-22 02:17:43+00:00,1738020964204748806,道路脇の雪は50センチ
2023-12-22 02:17:43+00:00,1738020964204748806,くらいでしょうか
2023-12-22 02:17:43+00:00,1738020964204748806,明日から古志高原スキー場がオープンしますよ~
2023-12-22 02:01:16+00:00,1738016826372866486,動画を編集するのに無料で使える編集アプリってどこのアプリがいいんだろう
2023-12-22 02:01:16+00:00,1738016826372866486,やりやすくて、複雑じゃないやつがいいよねぇ〜
2023-12-22 02:01:16+00:00,1738016826372866486,今capcut使ってるけど他オススメってなんかありますか〜
2023-12-22 01:56:35+00:00,1738015647249096761,なるほどね
2023-12-22 01:56:35+00:00,1738015647249096761,capcutも使ってみる
2023-12-22 01:56:35+00:00,1738015647249096761,教えてくれてまじありがと
2023-12-22 01:55:44+00:00,1738015430797898069,え
2023-12-22 01:50:40+00:00,1738014158262849864,スペルくらいいいのに
2023-12-22 01:50:40+00:00,1738014158262849864,笑
2023-12-22 01:50:40+00:00,1738014158262849864,iphoneのカメラで動画撮って、capcutで編集して保存する画質を上げるイメージなのかな
2023-12-22 01:28:44+00:00,1738008636092518476,rt:勇者|editoncapcut
2023-12-22 01:28:44+00:00,1738008636092518476,いいねとrtでフォロバします
2023-12-22 01:24:54+00:00,1738007673285877782,pcで動画編集する場合、tiktokがpc用に出した編集ソフトcapcutを使うと非常に簡単です
2023-12-22 01:24:54+00:00,1738007673285877782,非常におすすめです
2023-12-22 01:21:23+00:00,1738006786962231710,05動く魔法陣
2023-12-22 01:21:23+00:00,1738006786962231710,今回は動く魔法陣の制作と
2023-12-22 01:21:23+00:00,1738006786962231710,人物と合成を説明します
2023-12-22 01:21:23+00:00,1738006786962231710,他のアプリで作成した物を背景に
2023-12-22 01:21:23+00:00,1738006786962231710,組み込んでもよいのですが
2023-12-22 01:21:23+00:00,1738006786962231710,今回はcapcutのみで作ります
2023-12-22 01:19:02+00:00,1738006197079564523,rt:今朝の山古志
2023-12-22 01:19:02+00:00,1738006197079564523,道路脇の雪は50センチ
2023-12-22 01:19:02+00:00,1738006197079564523,くらいでしょうか
2023-12-22 01:19:02+00:00,1738006197079564523,明日から古志高原スキー場がオープンしますよ~
2023-12-22 01:14:49+00:00,1738005133446013030,rt:今朝の山古志
2023-12-22 01:14:49+00:00,1738005133446013030,道路脇の雪は50センチ
2023-12-22 01:14:49+00:00,1738005133446013030,くらいでしょうか
2023-12-22 01:14:49+00:00,1738005133446013030,明日から古志高原スキー場がオープンしますよ~
2023-12-22 01:14:40+00:00,1738005096481607838,今朝の山古志
2023-12-22 01:14:40+00:00,1738005096481607838,道路脇の雪は50センチ
2023-12-22 01:14:40+00:00,1738005096481607838,くらいでしょうか
2023-12-22 01:14:40+00:00,1738005096481607838,明日から古志高原スキー場がオープンしますよ~
2023-12-22 01:07:04+00:00,1738003186613628997,25–saltソルト現地撮影提供とんさま
2023-12-22 00:58:01+00:00,1738000908838224367,閲覧注意
2023-12-22 00:58:01+00:00,1738000908838224367,ai背景予測
2023-12-22 00:57:45+00:00,1738000840835953023,今年の後半から動画編集をしっかりやっておりますが
2023-12-22 00:57:45+00:00,1738000840835953023,用途によってアプリを使え分けてます
2023-12-22 00:57:45+00:00,1738000840835953023,ガッツリ長めの動画はpremierpro
2023-12-22 00:57:45+00:00,1738000840835953023,instagramやtiktokはcapcut
2023-12-22 00:57:45+00:00,1738000840835953023,前者はチームで制作する時に
2023-12-22 00:57:45+00:00,1738000840835953023,後者はipadでできるため場所を選ばず手軽に
2023-12-22 00:57:45+00:00,1738000840835953023,全てを一つのアプリで完結せず
2023-12-22 00:57:45+00:00,1738000840835953023,用途によって使い分けてます
2023-12-22 00:35:33+00:00,1737995253872054414,団子3兄弟な兄組はめたくそ可愛くて愛おし〜ってはなし
2023-12-22 00:34:08+00:00,1737994896118858053,〜解氷文字編集中〜
2023-12-22 00:34:08+00:00,1737994896118858053,中
2023-12-22 00:32:42+00:00,1737994537556197513,"rt:動画編集アプリの""capcut""は凄い"
2023-12-22 00:32:42+00:00,1737994537556197513,基本機能が無料で使える
2023-12-22 00:32:42+00:00,1737994537556197513,写真に文字入れして、ショート動画を簡単に作れる
2023-12-22 00:32:42+00:00,1737994537556197513,動画のスピードを1倍~34
2023-12-22 00:32:42+00:00,1737994537556197513,3倍速まで調整できる
2023-12-22 00:32:42+00:00,1737994537556197513,アニメーションを使って、写真を動かせる
2023-12-22 00:32:42+00:00,1737994537556197513,友達に結婚式の動画を作って
2023-12-22 00:31:35+00:00,1737994255795458296,rt:しまむらでの購入品です
2023-12-22 00:31:35+00:00,1737994255795458296,890円なんて、服の値段じゃないみたいです
2023-12-22 00:29:44+00:00,1737993789636239606,rt:aiの編集でここまでいい感じになるのか
2023-12-22 00:29:44+00:00,1737993789636239606,これあったら自分で身体を作らないでも大丈夫だな笑
2023-12-22 00:29:44+00:00,1737993789636239606,筋トレの成果が活きる
2023-12-22 00:29:30+00:00,1737993732455383452,rt:ちなみにサンタさんもaiで加工すると
2023-12-22 00:29:30+00:00,1737993732455383452,笑
2023-12-22 00:29:30+00:00,1737993732455383452,イケメンサンタさん
2023-12-22 00:26:24+00:00,1737992949844316580,拓也さんバージョン
2023-12-22 00:26:24+00:00,1737992949844316580,アネくん画像と私の画像とコラボですありがとう
2023-12-22 00:10:15+00:00,1737988886327128158,私の作る動画
2023-12-22 00:10:15+00:00,1737988886327128158,今はほぼ全部capcut
2023-12-22 00:10:15+00:00,1737988886327128158,基本無料アプリだよー
2023-12-22 00:10:15+00:00,1737988886327128158,無料でしかつくらぬ́∇`ケラケラ
2023-12-22 00:02:10+00:00,1737986854350442696,capcutで歌詞動画を作ろうと思ったけど音ズレに翻弄されて3時間の格闘の末、まだ歌詞動画が出来てないという
2023-12-21 23:59:44+00:00,1737986240287539550,おはようございます今日も身体に気を付けて無理なくファイトいつも、イイね・コメントをありがとうにゃ~ん名前は、ベルモット・ママlvy_jp
2023-12-21 23:46:20+00:00,1737982869258338444,アネくんの撮ったのと私の撮ったのとコラボです笑アネくんには許可もらってますありがとう
2023-12-21 23:40:24+00:00,1737981375402434756,hカップがエッチ
2023-12-21 23:34:50+00:00,1737979974362239003,rt:星降る奇跡
2023-12-21 23:23:11+00:00,1737977040798925257,capcutという無料でも使える動画編集ソフトが良さげという噂を聞いたので試してみたい
2023-12-21 23:23:11+00:00,1737977040798925257,と思ったんだけど、音ズレするらしい
2023-12-21 23:23:11+00:00,1737977040798925257,そこんとこ、どうなん
2023-12-21 23:16:53+00:00,1737975457893781761,おはようございます
2023-12-21 23:14:54+00:00,1737974955462299733,rt:qさま
2023-12-21 23:14:54+00:00,1737974955462299733,面白かった頃の
2023-12-21 23:14:54+00:00,1737974955462299733,プレッシャースタディの
2023-12-21 23:14:54+00:00,1737974955462299733,あのタイマーを再現してみた
2023-12-21 23:14:54+00:00,1737974955462299733,ただしこれがcapcutの限界です
2023-12-21 23:14:54+00:00,1737974955462299733,低クオは許してね
2023-12-21 22:57:06+00:00,1737970478290243673,capcutってやつですか
2023-12-21 22:51:00+00:00,1737968942659080370,rt:月曜の夜にcapcutについて何も分からないまま謎テンションでつくりました
2023-12-21 22:46:47+00:00,1737967880996852161,rt:tiktokも更新したから是非見てください
2023-12-21 22:46:47+00:00,1737967880996852161,capcutの機能ほんとにおもしろいハマる
